Team,Player,Position
2010 St. Louis Rams season,Sam Bradford,Quarterback
2010 Detroit Lions season,Ndamukong Suh,Defensive tackle
2010 Tampa Bay Buccaneers season,Gerald McCoy,Defensive tackle
2010 Washington Redskins season,Trent Williams,Offensive tackle
2010 Kansas City Chiefs season,Eric Berry,Safety (gridiron football position)
2010 Seattle Seahawks season,Russell Okung,Offensive tackle
2010 Cleveland Browns season,Joe Haden,Cornerback
2010 Oakland Raiders season,Rolando McClain,Linebacker
2010 Buffalo Bills season,C. J. Spiller,Running back
2010 Jacksonville Jaguars season,Tyson Alualu,Defensive tackle
2010 San Francisco 49ers season,Anthony Davis (offensive tackle b. 1989),Offensive tackle
2010 San Diego Chargers season,Ryan Mathews (American football),Running back
2010 Philadelphia Eagles season,Brandon Graham,Defensive end
2010 Seattle Seahawks season,Earl Thomas (defensive back),Safety (gridiron football position)
2010 New York Giants season,Jason Pierre-Paul,Linebacker
2010 Tennessee Titans season,Derrick Morgan (American football),Defensive end
2010 San Francisco 49ers season,Mike Iupati,Guard (American and Canadian football)
2010 Pittsburgh Steelers season,Maurkice Pouncey,Center (gridiron football)
2010 Atlanta Falcons season,Sean Weatherspoon,Linebacker
2010 Houston Texans season,Kareem Jackson,Cornerback
2010 Cincinnati Bengals season,Jermaine Gresham,Tight end
2010 Denver Broncos season,Demaryius Thomas,Wide receiver
2010 Green Bay Packers season,Bryan Bulaga,Offensive tackle
2010 Dallas Cowboys season,Dez Bryant,Wide receiver
2010 Denver Broncos season,Tim Tebow,Quarterback
2010 Arizona Cardinals season,Dan Williams (defensive tackle),Defensive tackle
2010 New England Patriots season,Devin McCourty,Cornerback
2010 Miami Dolphins season,Jared Odrick,Defensive tackle
2010 New York Jets season,Kyle Wilson (American football),Cornerback
2010 Detroit Lions season,Jahvid Best,Running back
2010 Indianapolis Colts season,Jerry Hughes,Defensive end
2010 New Orleans Saints season,Patrick Robinson (cornerback),Cornerback
2010 St. Louis Rams season,Rodger Saffold,Offensive tackle
2010 Minnesota Vikings season,Chris Cook (American football),Cornerback
2010 Tampa Bay Buccaneers season,"Brian Price (American football, born 1989)",Defensive tackle
2010 Kansas City Chiefs season,Dexter McCluster,Running back
2010 Philadelphia Eagles season,Nate Allen (safety),Safety (gridiron football position)
2010 Cleveland Browns season,T. J. Ward,Safety (gridiron football position)
2010 Tampa Bay Buccaneers season,Arrelious Benn,Wide receiver
2010 Miami Dolphins season,Koa Misi,Defensive end
2010 Buffalo Bills season,Torell Troup,Defensive tackle
2010 New England Patriots season,Rob Gronkowski,Tight end
2010 Baltimore Ravens season,Sergio Kindle,Defensive end
2010 Oakland Raiders season,Lamarr Houston,Defensive end
2010 Denver Broncos season,Zane Beadles,Offensive tackle
2010 New York Giants season,Linval Joseph,Defensive tackle
2010 Arizona Cardinals season,Daryl Washington,Linebacker
2010 Carolina Panthers season,Jimmy Clausen,Quarterback
2010 San Francisco 49ers season,Taylor Mays,Safety (gridiron football position)
2010 Kansas City Chiefs season,Javier Arenas (American football),Cornerback
2010 Minnesota Vikings season,Toby Gerhart,Running back
2010 Pittsburgh Steelers season,Jason Worilds,Defensive end
2010 New England Patriots season,Jermaine Cunningham,Defensive end
2010 Cincinnati Bengals season,Carlos Dunlap,Defensive end
2010 Dallas Cowboys season,Sean Lee,Linebacker
2010 Green Bay Packers season,Mike Neal,Defensive end
2010 Baltimore Ravens season,Terrence Cody,Defensive tackle
2010 Houston Texans season,Ben Tate,Running back
2010 Cleveland Browns season,Montario Hardesty,Running back
2010 Seattle Seahawks season,Golden Tate,Wide receiver
2010 New York Jets season,Vladimir Ducasse,Offensive tackle
2010 New England Patriots season,Brandon Spikes,Linebacker
2010 Indianapolis Colts season,Pat Angerer,Linebacker
2010 New Orleans Saints season,Charles Brown (offensive lineman),Offensive tackle
2010 St. Louis Rams season,Jerome Murphy,Cornerback
2010 Detroit Lions season,Amari Spievey,Cornerback
2010 Tampa Bay Buccaneers season,Myron Lewis,Cornerback
2010 Kansas City Chiefs season,Jon Asamoah,Guard (American and Canadian football)
2010 Oakland Raiders season,Jared Veldheer,Offensive tackle
2010 Baltimore Ravens season,Ed Dickson,Tight end
2010 Green Bay Packers season,Morgan Burnett,Safety (gridiron football position)
2010 Buffalo Bills season,Alex Carrington,Defensive end
2010 Miami Dolphins season,John Jerry,Offensive tackle
2010 Jacksonville Jaguars season,D'Anthony Smith,Defensive tackle
2010 Chicago Bears season,Major Wright,Safety (gridiron football position)
2010 New York Giants season,Chad Jones (American football),Safety (gridiron football position)
2010 Tennessee Titans season,Damian Williams (wide receiver),Wide receiver
2010 Carolina Panthers season,Brandon LaFell,Wide receiver
2010 San Diego Chargers season,Donald Butler,Linebacker
2010 Denver Broncos season,J. D. Walton,Center (gridiron football)
2010 Houston Texans season,Earl Mitchell,Defensive tackle
2010 Pittsburgh Steelers season,Emmanuel Sanders,Wide receiver
2010 Atlanta Falcons season,Corey Peters,Defensive tackle
2010 Cincinnati Bengals season,Jordan Shipley,Wide receiver
2010 Cleveland Browns season,Colt McCoy,Quarterback
2010 Philadelphia Eagles season,Daniel Te'o-Nesheim,Defensive end
2010 Denver Broncos season,Eric Decker,Wide receiver
2010 Arizona Cardinals season,Andre Roberts (American football),Wide receiver
2010 Carolina Panthers season,Armanti Edwards,Wide receiver
2010 New England Patriots season,Taylor Price,Wide receiver
2010 San Francisco 49ers season,NaVorro Bowman,Linebacker
2010 Cleveland Browns season,Shawn Lauvao,Offensive tackle
2010 Kansas City Chiefs season,Tony Moeaki,Tight end
2010 Indianapolis Colts season,Kevin Thomas (cornerback b. 1986),Cornerback
2010 New Orleans Saints season,Jimmy Graham,Tight end
2010 Cincinnati Bengals season,Brandon Ghee,Cornerback
2010 Tennessee Titans season,Rennie Curran,Linebacker
2010 Atlanta Falcons season,Mike Johnson (offensive lineman),Guard (American and Canadian football)
2010 St. Louis Rams season,Mardy Gilyard,Wide receiver
2010 Minnesota Vikings season,Everson Griffen,Defensive end
2010 Tampa Bay Buccaneers season,Mike Williams (wide receiver b. 1987),Wide receiver
2010 Houston Texans season,Darryl Sharpton,Linebacker
2010 Washington Redskins season,Perry Riley,Linebacker
2010 Tennessee Titans season,Alterraun Verner,Cornerback
2010 Philadelphia Eagles season,Trevard Lindley,Cornerback
2010 Oakland Raiders season,Bruce Campbell (American football),Offensive tackle
2010 Buffalo Bills season,Marcus Easley,Wide receiver
2010 Oakland Raiders season,Jacoby Ford,Wide receiver
2010 Chicago Bears season,Corey Wootton,Defensive end
2010 San Diego Chargers season,Darrell Stuckey,Safety (gridiron football position)
2010 Seattle Seahawks season,Walter Thurmond,Cornerback
2010 New York Jets season,Joe McKnight,Running back
2010 New England Patriots season,Aaron Hernandez,Tight end
2010 Baltimore Ravens season,Dennis Pitta,Tight end
2010 New York Giants season,Phillip Dillard,Linebacker
2010 Pittsburgh Steelers season,Thaddeus Gibson,Defensive end
2010 Atlanta Falcons season,Joe Hawley (American football),Guard (American and Canadian football)
2010 Houston Texans season,Garrett Graham,Tight end
2010 Miami Dolphins season,A. J. Edds,Linebacker
2010 Cincinnati Bengals season,Geno Atkins,Defensive tackle
2010 Philadelphia Eagles season,Keenan Clayton,Linebacker
2010 Philadelphia Eagles season,Mike Kafka,Quarterback
2010 New Orleans Saints season,Al Woods (American football),Defensive tackle
2010 Carolina Panthers season,Eric Norwood,Linebacker
2010 Philadelphia Eagles season,Clay Harbor,Tight end
2010 Dallas Cowboys season,Akwasi Owusu-Ansah,Cornerback
2010 Seattle Seahawks season,E. J. Wilson,Defensive end
2010 Detroit Lions season,Jason Fox,Offensive tackle
2010 Indianapolis Colts season,Jacques McClendon,Guard (American and Canadian football)
2010 Arizona Cardinals season,O'Brien Schofield,Defensive end
2010 Cincinnati Bengals season,Roddrick Muckelroy,Linebacker
2010 St. Louis Rams season,Michael Hoomanawanui,Tight end
2010 Seattle Seahawks season,Kam Chancellor,Safety (gridiron football position)
2010 Philadelphia Eagles season,Ricky Sapp,Defensive end
2010 Atlanta Falcons season,Dominique Franks,Cornerback
2010 Kansas City Chiefs season,Kendrick Lewis,Safety (gridiron football position)
2010 Denver Broncos season,Perrish Cox,Cornerback
2010 Oakland Raiders season,Walter McFadden,Cornerback
2010 New York Jets season,John Conner (American football),Fullback (gridiron football)
2010 Buffalo Bills season,Ed Wang,Offensive tackle
2010 Chicago Bears season,Joshua Moore (American football),Cornerback
2010 Kansas City Chiefs season,Cameron Sheffield,Defensive end
2010 Jacksonville Jaguars season,Larry Hart (American football),Defensive end
2010 Houston Texans season,Sherrick McManis,Cornerback
2010 Miami Dolphins season,Nolan Carroll,Cornerback
2010 San Diego Chargers season,Cam Thomas,Defensive tackle
2010 New York Giants season,Mitch Petrus,Guard (American and Canadian football)
2010 Tennessee Titans season,Robert Johnson (safety),Safety (gridiron football position)
2010 St. Louis Rams season,Hall Davis,Defensive end
2010 New England Patriots season,Zoltan Mesko (American football),Punter (football)
2010 Pittsburgh Steelers season,Chris Scott (offensive lineman),Offensive tackle
2010 Cincinnati Bengals season,Otis Hudson,Guard (American and Canadian football)
2010 Jacksonville Jaguars season,Austen Lane,Defensive end
2010 Green Bay Packers season,Andrew Quarless,Tight end
2010 Arizona Cardinals season,John Skelton (American football),Quarterback
2010 Baltimore Ravens season,David Reed (American football),Wide receiver
2010 Baltimore Ravens season,Arthur Jones (American football),Defensive tackle
2010 New Orleans Saints season,Matt Tennant,Center (gridiron football)
2010 Philadelphia Eagles season,Riley Cooper,Wide receiver
2010 Cleveland Browns season,Larry Asante,Safety (gridiron football position)
2010 Minnesota Vikings season,Chris DeGeare,Offensive tackle
2010 Indianapolis Colts season,Brody Eldridge,Tight end
2010 Miami Dolphins season,Reshad Jones,Safety (gridiron football position)
2010 Pittsburgh Steelers season,Crezdon Butler,Cornerback
2010 Atlanta Falcons season,Kerry Meier,Wide receiver
2010 Pittsburgh Steelers season,Stevenson Sylvester,Linebacker
2010 Minnesota Vikings season,Nathan Triplett,Linebacker
2010 San Diego Chargers season,Jonathan Crompton,Quarterback
2010 Green Bay Packers season,Marshall Newhouse,Offensive tackle
2010 St. Louis Rams season,Fendi Onobun,Tight end
2010 Atlanta Falcons season,Shann Schillinger,Safety (gridiron football position)
2010 Tampa Bay Buccaneers season,Brent Bowden (American football),Punter (football)
2010 San Francisco 49ers season,Anthony Dixon,Running back
2010 Washington Redskins season,Dennis Morris (American football),Tight end
2010 Carolina Panthers season,Greg Hardy,Defensive end
2010 Tennessee Titans season,Rusty Smith (American football),Quarterback
2010 Cleveland Browns season,Carlton Mitchell,Wide receiver
2010 Buffalo Bills season,Arthur Moats,Defensive end
2010 Dallas Cowboys season,Sam Young (American football),Offensive tackle
2010 Jacksonville Jaguars season,Deji Karim,Running back
2010 Chicago Bears season,Dan LeFevour,Quarterback
2010 San Francisco 49ers season,Nate Byham,Tight end
2010 Denver Broncos season,Eric Olsen (American football),Center (gridiron football)
2010 New York Giants season,Adrian Tracy,Linebacker
2010 Seattle Seahawks season,Anthony McCoy,Tight end
2010 Cleveland Browns season,Clifton Geathers,Defensive end
2010 Houston Texans season,Shelley Smith (American football),Guard (American and Canadian football)
2010 Pittsburgh Steelers season,Jonathan Dwyer,Running back
2010 St. Louis Rams season,Eugene Sims,Defensive end
2010 Oakland Raiders season,Travis Goethel,Linebacker
2010 Cincinnati Bengals season,Dezmon Briscoe,Wide receiver
2010 Buffalo Bills season,Danny Batten (American football),Linebacker
2010 Green Bay Packers season,James Starks,Running back
2010 Baltimore Ravens season,Ramon Harewood,Offensive tackle
2010 Pittsburgh Steelers season,Antonio Brown,Wide receiver
2010 Dallas Cowboys season,Jamar Wall,Cornerback
2010 Houston Texans season,Trindon Holliday,Kick returner
2010 Carolina Panthers season,David Gettis,Wide receiver
2010 Minnesota Vikings season,Joe Webb (American football),Quarterback
2010 Philadelphia Eagles season,Charles Scott (American football),Running back
2010 Arizona Cardinals season,Jorrick Calvin,Cornerback
2010 Carolina Panthers season,Jordan Pugh,Cornerback
2010 Jacksonville Jaguars season,Scotty McGee,Kick returner
2010 Carolina Panthers season,Tony Pike,Quarterback
2010 New England Patriots season,Ted Larsen,Center (gridiron football)
2010 San Francisco 49ers season,Kyle Williams (wide receiver),Wide receiver
2010 Tennessee Titans season,Myron Rolle,Safety (gridiron football position)
2010 New England Patriots season,Thomas Welch (American football),Offensive tackle
2010 Buffalo Bills season,Levi Brown (quarterback),Quarterback
2010 Tampa Bay Buccaneers season,Cody Grimm,Safety (gridiron football position)
2010 St. Louis Rams season,Marquis Johnson,Cornerback
2010 Miami Dolphins season,Chris McCoy (American football),Linebacker
2010 Detroit Lions season,Willie Young (defensive end),Defensive end
2010 Minnesota Vikings season,Mickey Shuler Jr.,Tight end
2010 Oakland Raiders season,Jeremy Ware (American football),Cornerback
2010 Buffalo Bills season,Kyle Calloway,Offensive tackle
2010 Tampa Bay Buccaneers season,Dekoda Watson,Linebacker
2010 Chicago Bears season,J'Marcus Webb,Offensive tackle
2010 Washington Redskins season,Terrence Austin,Wide receiver
2010 Philadelphia Eagles season,Jamar Chaney,Linebacker
2010 New York Giants season,Matt Dodge,Punter (football)
2010 Tennessee Titans season,Marc Mariani,Wide receiver
2010 Carolina Panthers season,R.J. Stanford,Cornerback
2010 San Francisco 49ers season,Phillip Adams (American football),Cornerback
2010 Denver Broncos season,Syd'Quan Thompson,Cornerback
2010 St. Louis Rams season,George Selvie,Defensive end
2010 Houston Texans season,Dorin Dickerson,Tight end
2010 Cincinnati Bengals season,Reggie Stephens (offensive lineman),Guard (American and Canadian football)
2010 Washington Redskins season,Erik Cook,Center (gridiron football)
2010 Green Bay Packers season,C. J. Wilson (defensive end),Defensive end
2010 Washington Redskins season,Selvish Capers,Offensive tackle
2010 Denver Broncos season,Jammie Kirlew,Defensive end
2010 Arizona Cardinals season,Jim Dray,Tight end
2010 Dallas Cowboys season,Sean Lissemore,Defensive tackle
2010 San Diego Chargers season,Dedrick Epps,Tight end
2010 Seattle Seahawks season,Dexter Davis,Linebacker
2010 Minnesota Vikings season,Ryan D'Imperio,Linebacker
2010 Indianapolis Colts season,Ricardo Mathews,Defensive tackle
2010 New Orleans Saints season,Sean Canfield,Quarterback
2010 Indianapolis Colts season,Kavell Conner,Linebacker
2010 Tennessee Titans season,David Howard (defensive tackle),Defensive tackle
2010 Pittsburgh Steelers season,Doug Worthington,Defensive tackle
2010 Philadelphia Eagles season,Jeff Owens,Defensive tackle
2010 Philadelphia Eagles season,Kurt Coleman,Safety (gridiron football position)
2010 Seattle Seahawks season,Jameson Konz,Fullback (gridiron football)
2010 Indianapolis Colts season,Ray Fisher (cornerback b.1987),Cornerback
2010 New England Patriots season,Brandon Deaderick,Defensive tackle
2010 New England Patriots season,Kade Weston,Defensive tackle
2010 Carolina Panthers season,Robert McClain,Cornerback
2010 New England Patriots season,Zac Robinson,Quarterback
2010 Oakland Raiders season,Stevie Brown,Safety (gridiron football position)
2010 Miami Dolphins season,Austin Spitler,Linebacker
2010 Tampa Bay Buccaneers season,Erik Lorig,Defensive end
2010 St. Louis Rams season,Josh Hull,Linebacker
Mr. Irrelevant,2010 Detroit Lions season,Tim Toone
2010 St. Louis Rams season,Sam Bradford,Quarterback
2010 Detroit Lions season,Ndamukong Suh,Defensive tackle
2010 Tampa Bay Buccaneers season,Gerald McCoy,Defensive tackle
2010 Washington Redskins season,Trent Williams,Offensive tackle
2010 Kansas City Chiefs season,Eric Berry,Safety (gridiron football position)
2010 Seattle Seahawks season,Russell Okung,Offensive tackle
2010 Cleveland Browns season,Joe Haden,Cornerback
2010 Oakland Raiders season,Rolando McClain,Linebacker
2010 Buffalo Bills season,C. J. Spiller,Running back
2010 Jacksonville Jaguars season,Tyson Alualu,Defensive tackle
2010 San Francisco 49ers season,Anthony Davis (offensive tackle b. 1989),Offensive tackle
2010 San Diego Chargers season,Ryan Mathews (American football),Running back
2010 Philadelphia Eagles season,Brandon Graham,Defensive end
2010 Seattle Seahawks season,Earl Thomas (defensive back),Safety (gridiron football position)
2010 New York Giants season,Jason Pierre-Paul,Linebacker
2010 Tennessee Titans season,Derrick Morgan (American football),Defensive end
2010 San Francisco 49ers season,Mike Iupati,Guard (American and Canadian football)
2010 Pittsburgh Steelers season,Maurkice Pouncey,Center (gridiron football)
2010 Atlanta Falcons season,Sean Weatherspoon,Linebacker
2010 Houston Texans season,Kareem Jackson,Cornerback
2010 Cincinnati Bengals season,Jermaine Gresham,Tight end
2010 Denver Broncos season,Demaryius Thomas,Wide receiver
2010 Green Bay Packers season,Bryan Bulaga,Offensive tackle
2010 Dallas Cowboys season,Dez Bryant,Wide receiver
2010 Denver Broncos season,Tim Tebow,Quarterback
2010 Arizona Cardinals season,Dan Williams (defensive tackle),Defensive tackle
2010 New England Patriots season,Devin McCourty,Cornerback
2010 Miami Dolphins season,Jared Odrick,Defensive tackle
2010 New York Jets season,Kyle Wilson (American football),Cornerback
2010 Detroit Lions season,Jahvid Best,Running back
2010 Indianapolis Colts season,Jerry Hughes,Defensive end
2010 New Orleans Saints season,Patrick Robinson (cornerback),Cornerback
2010 St. Louis Rams season,Rodger Saffold,Offensive tackle
2010 Minnesota Vikings season,Chris Cook (American football),Cornerback
2010 Tampa Bay Buccaneers season,"Brian Price (American football, born 1989)",Defensive tackle
2010 Kansas City Chiefs season,Dexter McCluster,Running back
2010 Philadelphia Eagles season,Nate Allen (safety),Safety (gridiron football position)
2010 Cleveland Browns season,T. J. Ward,Safety (gridiron football position)
2010 Tampa Bay Buccaneers season,Arrelious Benn,Wide receiver
2010 Miami Dolphins season,Koa Misi,Defensive end
2010 Buffalo Bills season,Torell Troup,Defensive tackle
2010 New England Patriots season,Rob Gronkowski,Tight end
2010 Baltimore Ravens season,Sergio Kindle,Defensive end
2010 Oakland Raiders season,Lamarr Houston,Defensive end
2010 Denver Broncos season,Zane Beadles,Offensive tackle
2010 New York Giants season,Linval Joseph,Defensive tackle
2010 Arizona Cardinals season,Daryl Washington,Linebacker
2010 Carolina Panthers season,Jimmy Clausen,Quarterback
2010 San Francisco 49ers season,Taylor Mays,Safety (gridiron football position)
2010 Kansas City Chiefs season,Javier Arenas (American football),Cornerback
2010 Minnesota Vikings season,Toby Gerhart,Running back
2010 Pittsburgh Steelers season,Jason Worilds,Defensive end
2010 New England Patriots season,Jermaine Cunningham,Defensive end
2010 Cincinnati Bengals season,Carlos Dunlap,Defensive end
2010 Dallas Cowboys season,Sean Lee,Linebacker
2010 Green Bay Packers season,Mike Neal,Defensive end
2010 Baltimore Ravens season,Terrence Cody,Defensive tackle
2010 Houston Texans season,Ben Tate,Running back
2010 Cleveland Browns season,Montario Hardesty,Running back
2010 Seattle Seahawks season,Golden Tate,Wide receiver
2010 New York Jets season,Vladimir Ducasse,Offensive tackle
2010 New England Patriots season,Brandon Spikes,Linebacker
2010 Indianapolis Colts season,Pat Angerer,Linebacker
2010 New Orleans Saints season,Charles Brown (offensive lineman),Offensive tackle
2010 St. Louis Rams season,Jerome Murphy,Cornerback
2010 Detroit Lions season,Amari Spievey,Cornerback
2010 Tampa Bay Buccaneers season,Myron Lewis,Cornerback
2010 Kansas City Chiefs season,Jon Asamoah,Guard (American and Canadian football)
2010 Oakland Raiders season,Jared Veldheer,Offensive tackle
2010 Baltimore Ravens season,Ed Dickson,Tight end
2010 Green Bay Packers season,Morgan Burnett,Safety (gridiron football position)
2010 Buffalo Bills season,Alex Carrington,Defensive end
2010 Miami Dolphins season,John Jerry,Offensive tackle
2010 Jacksonville Jaguars season,D'Anthony Smith,Defensive tackle
2010 Chicago Bears season,Major Wright,Safety (gridiron football position)
2010 New York Giants season,Chad Jones (American football),Safety (gridiron football position)
2010 Tennessee Titans season,Damian Williams (wide receiver),Wide receiver
2010 Carolina Panthers season,Brandon LaFell,Wide receiver
2010 San Diego Chargers season,Donald Butler,Linebacker
2010 Denver Broncos season,J. D. Walton,Center (gridiron football)
2010 Houston Texans season,Earl Mitchell,Defensive tackle
2010 Pittsburgh Steelers season,Emmanuel Sanders,Wide receiver
2010 Atlanta Falcons season,Corey Peters,Defensive tackle
2010 Cincinnati Bengals season,Jordan Shipley,Wide receiver
2010 Cleveland Browns season,Colt McCoy,Quarterback
2010 Philadelphia Eagles season,Daniel Te'o-Nesheim,Defensive end
2010 Denver Broncos season,Eric Decker,Wide receiver
2010 Arizona Cardinals season,Andre Roberts (American football),Wide receiver
2010 Carolina Panthers season,Armanti Edwards,Wide receiver
2010 New England Patriots season,Taylor Price,Wide receiver
2010 San Francisco 49ers season,NaVorro Bowman,Linebacker
2010 Cleveland Browns season,Shawn Lauvao,Offensive tackle
2010 Kansas City Chiefs season,Tony Moeaki,Tight end
2010 Indianapolis Colts season,Kevin Thomas (cornerback b. 1986),Cornerback
2010 New Orleans Saints season,Jimmy Graham,Tight end
2010 Cincinnati Bengals season,Brandon Ghee,Cornerback
2010 Tennessee Titans season,Rennie Curran,Linebacker
2010 Atlanta Falcons season,Mike Johnson (offensive lineman),Guard (American and Canadian football)
2010 St. Louis Rams season,Mardy Gilyard,Wide receiver
2010 Minnesota Vikings season,Everson Griffen,Defensive end
2010 Tampa Bay Buccaneers season,Mike Williams (wide receiver b. 1987),Wide receiver
2010 Houston Texans season,Darryl Sharpton,Linebacker
2010 Washington Redskins season,Perry Riley,Linebacker
2010 Tennessee Titans season,Alterraun Verner,Cornerback
2010 Philadelphia Eagles season,Trevard Lindley,Cornerback
2010 Oakland Raiders season,Bruce Campbell (American football),Offensive tackle
2010 Buffalo Bills season,Marcus Easley,Wide receiver
2010 Oakland Raiders season,Jacoby Ford,Wide receiver
2010 Chicago Bears season,Corey Wootton,Defensive end
2010 San Diego Chargers season,Darrell Stuckey,Safety (gridiron football position)
2010 Seattle Seahawks season,Walter Thurmond,Cornerback
2010 New York Jets season,Joe McKnight,Running back
2010 New England Patriots season,Aaron Hernandez,Tight end
2010 Baltimore Ravens season,Dennis Pitta,Tight end
2010 New York Giants season,Phillip Dillard,Linebacker
2010 Pittsburgh Steelers season,Thaddeus Gibson,Defensive end
2010 Atlanta Falcons season,Joe Hawley (American football),Guard (American and Canadian football)
2010 Houston Texans season,Garrett Graham,Tight end
2010 Miami Dolphins season,A. J. Edds,Linebacker
2010 Cincinnati Bengals season,Geno Atkins,Defensive tackle
2010 Philadelphia Eagles season,Keenan Clayton,Linebacker
2010 Philadelphia Eagles season,Mike Kafka,Quarterback
2010 New Orleans Saints season,Al Woods (American football),Defensive tackle
2010 Carolina Panthers season,Eric Norwood,Linebacker
2010 Philadelphia Eagles season,Clay Harbor,Tight end
2010 Dallas Cowboys season,Akwasi Owusu-Ansah,Cornerback
2010 Seattle Seahawks season,E. J. Wilson,Defensive end
2010 Detroit Lions season,Jason Fox,Offensive tackle
2010 Indianapolis Colts season,Jacques McClendon,Guard (American and Canadian football)
2010 Arizona Cardinals season,O'Brien Schofield,Defensive end
2010 Cincinnati Bengals season,Roddrick Muckelroy,Linebacker
2010 St. Louis Rams season,Michael Hoomanawanui,Tight end
2010 Seattle Seahawks season,Kam Chancellor,Safety (gridiron football position)
2010 Philadelphia Eagles season,Ricky Sapp,Defensive end
2010 Atlanta Falcons season,Dominique Franks,Cornerback
2010 Kansas City Chiefs season,Kendrick Lewis,Safety (gridiron football position)
2010 Denver Broncos season,Perrish Cox,Cornerback
2010 Oakland Raiders season,Walter McFadden,Cornerback
2010 New York Jets season,John Conner (American football),Fullback (gridiron football)
2010 Buffalo Bills season,Ed Wang,Offensive tackle
2010 Chicago Bears season,Joshua Moore (American football),Cornerback
2010 Kansas City Chiefs season,Cameron Sheffield,Defensive end
2010 Jacksonville Jaguars season,Larry Hart (American football),Defensive end
2010 Houston Texans season,Sherrick McManis,Cornerback
2010 Miami Dolphins season,Nolan Carroll,Cornerback
2010 San Diego Chargers season,Cam Thomas,Defensive tackle
2010 New York Giants season,Mitch Petrus,Guard (American and Canadian football)
2010 Tennessee Titans season,Robert Johnson (safety),Safety (gridiron football position)
2010 St. Louis Rams season,Hall Davis,Defensive end
2010 New England Patriots season,Zoltan Mesko (American football),Punter (football)
2010 Pittsburgh Steelers season,Chris Scott (offensive lineman),Offensive tackle
2010 Cincinnati Bengals season,Otis Hudson,Guard (American and Canadian football)
2010 Jacksonville Jaguars season,Austen Lane,Defensive end
2010 Green Bay Packers season,Andrew Quarless,Tight end
2010 Arizona Cardinals season,John Skelton (American football),Quarterback
2010 Baltimore Ravens season,David Reed (American football),Wide receiver
2010 Baltimore Ravens season,Arthur Jones (American football),Defensive tackle
2010 New Orleans Saints season,Matt Tennant,Center (gridiron football)
2010 Philadelphia Eagles season,Riley Cooper,Wide receiver
2010 Cleveland Browns season,Larry Asante,Safety (gridiron football position)
2010 Minnesota Vikings season,Chris DeGeare,Offensive tackle
2010 Indianapolis Colts season,Brody Eldridge,Tight end
2010 Miami Dolphins season,Reshad Jones,Safety (gridiron football position)
2010 Pittsburgh Steelers season,Crezdon Butler,Cornerback
2010 Atlanta Falcons season,Kerry Meier,Wide receiver
2010 Pittsburgh Steelers season,Stevenson Sylvester,Linebacker
2010 Minnesota Vikings season,Nathan Triplett,Linebacker
2010 San Diego Chargers season,Jonathan Crompton,Quarterback
2010 Green Bay Packers season,Marshall Newhouse,Offensive tackle
2010 St. Louis Rams season,Fendi Onobun,Tight end
2010 Atlanta Falcons season,Shann Schillinger,Safety (gridiron football position)
2010 Tampa Bay Buccaneers season,Brent Bowden (American football),Punter (football)
2010 San Francisco 49ers season,Anthony Dixon,Running back
2010 Washington Redskins season,Dennis Morris (American football),Tight end
2010 Carolina Panthers season,Greg Hardy,Defensive end
2010 Tennessee Titans season,Rusty Smith (American football),Quarterback
2010 Cleveland Browns season,Carlton Mitchell,Wide receiver
2010 Buffalo Bills season,Arthur Moats,Defensive end
2010 Dallas Cowboys season,Sam Young (American football),Offensive tackle
2010 Jacksonville Jaguars season,Deji Karim,Running back
2010 Chicago Bears season,Dan LeFevour,Quarterback
2010 San Francisco 49ers season,Nate Byham,Tight end
2010 Denver Broncos season,Eric Olsen (American football),Center (gridiron football)
2010 New York Giants season,Adrian Tracy,Linebacker
2010 Seattle Seahawks season,Anthony McCoy,Tight end
2010 Cleveland Browns season,Clifton Geathers,Defensive end
2010 Houston Texans season,Shelley Smith (American football),Guard (American and Canadian football)
2010 Pittsburgh Steelers season,Jonathan Dwyer,Running back
2010 St. Louis Rams season,Eugene Sims,Defensive end
2010 Oakland Raiders season,Travis Goethel,Linebacker
2010 Cincinnati Bengals season,Dezmon Briscoe,Wide receiver
2010 Buffalo Bills season,Danny Batten (American football),Linebacker
2010 Green Bay Packers season,James Starks,Running back
2010 Baltimore Ravens season,Ramon Harewood,Offensive tackle
2010 Pittsburgh Steelers season,Antonio Brown,Wide receiver
2010 Dallas Cowboys season,Jamar Wall,Cornerback
2010 Houston Texans season,Trindon Holliday,Kick returner
2010 Carolina Panthers season,David Gettis,Wide receiver
2010 Minnesota Vikings season,Joe Webb (American football),Quarterback
2010 Philadelphia Eagles season,Charles Scott (American football),Running back
2010 Arizona Cardinals season,Jorrick Calvin,Cornerback
2010 Carolina Panthers season,Jordan Pugh,Cornerback
2010 Jacksonville Jaguars season,Scotty McGee,Kick returner
2010 Carolina Panthers season,Tony Pike,Quarterback
2010 New England Patriots season,Ted Larsen,Center (gridiron football)
2010 San Francisco 49ers season,Kyle Williams (wide receiver),Wide receiver
2010 Tennessee Titans season,Myron Rolle,Safety (gridiron football position)
2010 New England Patriots season,Thomas Welch (American football),Offensive tackle
2010 Buffalo Bills season,Levi Brown (quarterback),Quarterback
2010 Tampa Bay Buccaneers season,Cody Grimm,Safety (gridiron football position)
2010 St. Louis Rams season,Marquis Johnson,Cornerback
2010 Miami Dolphins season,Chris McCoy (American football),Linebacker
2010 Detroit Lions season,Willie Young (defensive end),Defensive end
2010 Minnesota Vikings season,Mickey Shuler Jr.,Tight end
2010 Oakland Raiders season,Jeremy Ware (American football),Cornerback
2010 Buffalo Bills season,Kyle Calloway,Offensive tackle
2010 Tampa Bay Buccaneers season,Dekoda Watson,Linebacker
2010 Chicago Bears season,J'Marcus Webb,Offensive tackle
2010 Washington Redskins season,Terrence Austin,Wide receiver
2010 Philadelphia Eagles season,Jamar Chaney,Linebacker
2010 New York Giants season,Matt Dodge,Punter (football)
2010 Tennessee Titans season,Marc Mariani,Wide receiver
2010 Carolina Panthers season,R.J. Stanford,Cornerback
2010 San Francisco 49ers season,Phillip Adams (American football),Cornerback
2010 Denver Broncos season,Syd'Quan Thompson,Cornerback
2010 St. Louis Rams season,George Selvie,Defensive end
2010 Houston Texans season,Dorin Dickerson,Tight end
2010 Cincinnati Bengals season,Reggie Stephens (offensive lineman),Guard (American and Canadian football)
2010 Washington Redskins season,Erik Cook,Center (gridiron football)
2010 Green Bay Packers season,C. J. Wilson (defensive end),Defensive end
2010 Washington Redskins season,Selvish Capers,Offensive tackle
2010 Denver Broncos season,Jammie Kirlew,Defensive end
2010 Arizona Cardinals season,Jim Dray,Tight end
2010 Dallas Cowboys season,Sean Lissemore,Defensive tackle
2010 San Diego Chargers season,Dedrick Epps,Tight end
2010 Seattle Seahawks season,Dexter Davis,Linebacker
2010 Minnesota Vikings season,Ryan D'Imperio,Linebacker
2010 Indianapolis Colts season,Ricardo Mathews,Defensive tackle
2010 New Orleans Saints season,Sean Canfield,Quarterback
2010 Indianapolis Colts season,Kavell Conner,Linebacker
2010 Tennessee Titans season,David Howard (defensive tackle),Defensive tackle
2010 Pittsburgh Steelers season,Doug Worthington,Defensive tackle
2010 Philadelphia Eagles season,Jeff Owens,Defensive tackle
2010 Philadelphia Eagles season,Kurt Coleman,Safety (gridiron football position)
2010 Seattle Seahawks season,Jameson Konz,Fullback (gridiron football)
2010 Indianapolis Colts season,Ray Fisher (cornerback b.1987),Cornerback
2010 New England Patriots season,Brandon Deaderick,Defensive tackle
2010 New England Patriots season,Kade Weston,Defensive tackle
2010 Carolina Panthers season,Robert McClain,Cornerback
2010 New England Patriots season,Zac Robinson,Quarterback
2010 Oakland Raiders season,Stevie Brown,Safety (gridiron football position)
2010 Miami Dolphins season,Austin Spitler,Linebacker
2010 Tampa Bay Buccaneers season,Erik Lorig,Defensive end
2010 St. Louis Rams season,Josh Hull,Linebacker
2010 Detroit Lions season,Tim Toone,Wide receiver
